ts_code,trade_date,    open,high,    low, close,pre close,change,pct change,vol,amount
899050, 2022/04/29,1000,1000,1000,1000,,,,455216,58190.64
899050, 2022/05/05,1000.58,1036.86,993.93,1031.32,1000,31.32,0.03132,498768,58962.35
899050, 2022/05/06,1013.35,1033.05,1001.61,1024.57,1031.32,-6.75,-0.00654501,345125,42454.26
899050, 2022/05/09,1023.06,1048.26,1020.59,1044.85,1024.57,20.28,0.01979367,340561,44971.96
899050, 2022/05/10,1032.51,1061.82,1030.11,1061.82,1044.85,16.97,0.016241566,308057,41092.78
899050, 2022/05/11,1061.18,1096.92,1061.18,1081.43,1061.82,19.61,0.01846829,480865,63997
899050, 2022/05/12,1077.32,1086.59,1062.11,1071.29,1081.43,-10.14,-0.009376474,310176,38037.13
899050, 2022/05/13,1070.17,1116.4,1070.17,1115.1,1071.29,43.81,0.040894622,850265,77140.38
899050, 2022/05/16,1123.86,1136.31,1122.49,1128.56,1115.1,13.46,0.012070666,625961,65768.08
899050, 2022/05/17,1130.8,1137.4,1124.21,1136.49,1128.56,7.93,0.007026653,541064,63438.7
899050, 2022/05/18,1130.8,1136.09,1125.08,1125.83,1136.49,-10.66,-0.009379757,490755,56455.88
899050, 2022/05/19,1115.47,1131.76,1107.73,1129.62,1125.83,3.79,0.003366405,442629,46946.27
899050, 2022/05/20,1124.39,1138.79,1124.39,1136.14,1129.62,6.52,0.005771852,326829,36527.76
899050, 2022/05/23,1135.64,1141.55,1129.83,1132.84,1136.14,-3.3,-0.002904572,302607,30655.77
899050, 2022/05/24,1129.84,1133.48,1080.9,1085.79,1132.84,-47.05,-0.041532785,530699,60582.55
899050, 2022/05/25,1083.39,1088,1074.64,1081.45,1085.79,-4.34,-0.00399709,313379,34985.94
899050, 2022/05/26,1081.52,1084.63,1065.12,1079.15,1081.45,-2.3,-0.002126774,250809,27072.97
899050, 2022/05/27,1076.18,1088.26,1072.59,1078.05,1079.15,-1.1,-0.001019321,294699,31014.19
899050, 2022/05/30,1078.06,1090.02,1078.06,1085.59,1078.05,7.54,0.00699411,324778,35153.7
899050, 2022/05/31,1083.9,1095.03,1083.68,1094.29,1085.59,8.7,0.008014075,275148,33734.05
899050, 2022/06/01,1094.54,1100.84,1092.5,1097.86,1094.29,3.57,0.003262389,332702,32324.27
899050, 2022/06/02,1094.49,1113.11,1093.74,1113.11,1097.86,15.25,0.01389066,553929,56003.16
899050, 2022/06/06,1114.55,1145.01,1114.55,1142.84,1113.11,29.73,0.026708951,631558,66341.21
899050, 2022/06/07,1138.24,1152.38,1135.7,1141.24,1142.84,-1.6,-0.001400021,468055,52634.3
899050, 2022/06/08,1136.93,1147.37,1124.97,1138.27,1141.24,-2.97,-0.002602432,436253,48385
899050, 2022/06/09,1135.5,1139.85,1124.61,1127.4,1138.27,-10.87,-0.00954958,688317,53350.29
899050, 2022/06/10,1123.12,1131.95,1115.6,1131.43,1127.4,4.03,0.003574596,565691,42841.86
899050, 2022/06/13,1124.63,1127.69,1115.75,1120.34,1131.43,-11.09,-0.009801755,371918,35120.5
899050, 2022/06/14,1114.63,1114.98,1096.02,1113.47,1120.34,-6.87,-0.006132067,510365,49005.62
899050, 2022/06/15,1110.44,1120.86,1110.44,1112.68,1113.47,-0.79,-0.000709494,441983,41615.16
899050, 2022/06/16,1109.11,1118.14,1107.53,1112.32,1112.68,-0.36,-0.000323543,397156,39524.23
899050, 2022/06/17,1107.93,1119.46,1105.13,1118.72,1112.32,6.4,0.00575374,449114,52241.7
899050, 2022/06/20,1119,1137.22,1119,1135.95,1118.72,17.23,0.01540153,493865,56471.49
899050, 2022/06/21,1134.1,1136.12,1121.76,1126.42,1135.95,-9.53,-0.008389454,346168,37467.5
899050, 2022/06/22,1122.88,1133.69,1118.62,1122.46,1126.42,-3.96,-0.003515563,291269,30481.63
899050, 2022/06/23,1118.51,1134.39,1118.51,1134.39,1122.46,11.93,0.010628441,336522,38615.24
899050, 2022/06/24,1134.11,1146.64,1133.71,1146.64,1134.39,12.25,0.010798755,396928,49724.29
899050, 2022/06/27,1149.38,1167.99,1149.38,1167.99,1146.64,21.35,0.018619619,504845,62623.65
899050, 2022/06/28,1167.82,1197.84,1162.23,1195.94,1167.99,27.95,0.023929999,1126505,105050.5
899050, 2022/06/29,1188.14,1194.49,1165.36,1167.07,1195.94,-28.87,-0.024140007,820110,79231.11
899050, 2022/06/30,1165.34,1174.33,1164.77,1167.12,1167.07,0.05,4.28423E-05,530112,56623.49
899050, 2022/07/01,1165.71,1173.32,1156.93,1160.97,1167.12,-6.15,-0.005269381,360119,35267.21
899050, 2022/07/04,1157.6,1159.84,1140.59,1149.2,1160.97,-11.77,-0.010138074,328661,41514.36
899050, 2022/07/05,1145.49,1152.21,1132.54,1141.19,1149.2,-8.01,-0.006970066,382166,45097.3
899050, 2022/07/06,1137.39,1140.89,1123.15,1129.82,1141.19,-11.37,-0.009963284,323778,35152.5
899050, 2022/07/07,1127.9,1134.36,1119.64,1130.26,1129.82,0.44,0.000389443,238171,28247.08
899050, 2022/07/08,1128.25,1138.14,1125.14,1131.52,1130.26,1.26,0.001114788,233587,30539.39
899050, 2022/07/11,1128.66,1132.48,1110.71,1113.68,1131.52,-17.84,-0.015766403,287728,34133.84
899050, 2022/07/12,1110.82,1116.06,1099.57,1102.56,1113.68,-11.12,-0.009984915,395641,35147.1
899050, 2022/07/13,1099.06,1106.62,1096.02,1102.42,1102.56,-0.14,-0.000126977,347004,31858.03
899050, 2022/07/14,1096.19,1105.21,1094.33,1103.72,1102.42,1.3,0.001179224,310381,34420.43
899050, 2022/07/15,1106.77,1109.31,1086.8,1089.18,1103.72,-14.54,-0.013173631,320240,34462.18
899050, 2022/07/18,1085.94,1088.79,1078.28,1088.79,1089.18,-0.39,-0.000358068,324163,52802.18
899050, 2022/07/19,1085.26,1093.06,1083.62,1089.92,1088.79,1.13,0.001037849,325999,45166.43
899050, 2022/07/20,1087.45,1095.83,1087.45,1093.86,1089.92,3.94,0.003614944,370897,47623.14
899050, 2022/07/21,1086.03,1089.57,1082.38,1085.18,1093.86,-8.68,-0.007935202,304303,57181.97
899050, 2022/07/22,1080.41,1087.88,1075.66,1078.72,1085.18,-6.46,-0.005952929,363410,47332.61
899050, 2022/07/25,1079.12,1081.18,1064.56,1066.42,1078.72,-12.3,-0.011402403,275726,35445.72
899050, 2022/07/26,1067.03,1082.87,1061.7,1082.87,1066.42,16.45,0.015425442,599780,63810.91
899050, 2022/07/27,1085.27,1085.27,1076.8,1080.78,1082.87,-2.09,-0.001930056,912156,82665.47
899050, 2022/07/28,1081.96,1083.91,1068.16,1073.09,1080.78,-7.69,-0.007115232,599179,59184.01
899050, 2022/07/29,1072.4,1075.47,1060.98,1061.11,1073.09,-11.98,-0.011164022,436304,47671.5
899050, 2022/08/01,1060.09,1062.89,1053.15,1058.17,1061.11,-2.94,-0.002770684,369650,43340.47
899050, 2022/08/02,1053.18,1053.18,1011.51,1020.95,1058.17,-37.22,-0.035173932,630269,66341.98
899050, 2022/08/03,1018.14,1031.32,1011.54,1014.93,1020.95,-6.02,-0.005896469,399469,49907.22
899050, 2022/08/04,1017.17,1026.03,1012.25,1022.65,1014.93,7.72,0.007606436,301762,35927.47
899050, 2022/08/05,1024.71,1038.77,1024.71,1038.75,1022.65,16.1,0.015743412,302657,35922.29
899050, 2022/08/08,1038.03,1053.21,1038.03,1047.53,1038.75,8.78,0.008452467,722492,86129.31
899050, 2022/08/09,1048.33,1052.75,1044.93,1051.5,1047.53,3.97,0.003789868,531452,66113.72
899050, 2022/08/10,1053.75,1056.47,1049.8,1056.47,1051.5,4.97,0.004726581,872758,108713.96
899050, 2022/08/11,1056.9,1078.72,1056.9,1078.43,1056.47,21.96,0.020786203,1013480,106210.25
899050, 2022/08/12,1078.84,1079.87,1068.85,1071.91,1078.43,-6.52,-0.006045826,692708,75659.6
899050, 2022/08/15,1073.68,1085.06,1073.53,1085.06,1071.91,13.15,0.012267821,505775,73818.85
899050, 2022/08/16,1087.82,1095.38,1087.82,1090.29,1085.06,5.23,0.00482001,478136,65528.6
899050, 2022/08/17,1090.51,1093.78,1081.97,1090.88,1090.29,0.59,0.00054114,429084,65138.36
899050, 2022/08/18,1088.21,1097.03,1088.21,1093.3,1090.88,2.42,0.002218392,447989,59965.45
899050, 2022/08/19,1093.25,1099.22,1076.98,1079.43,1093.3,-13.87,-0.012686362,481002,69944.95
899050, 2022/08/22,1071.7,1074.81,1064.22,1072.2,1079.43,-7.23,-0.006697979,617945,87499.8
899050, 2022/08/23,1073.75,1079.89,1073.49,1078.33,1072.2,6.13,0.005717217,470365,52759.55
899050, 2022/08/24,1080.64,1083.61,1057.67,1064.84,1078.33,-13.49,-0.012510085,478701,57885.77
899050, 2022/08/25,1061.43,1066.1,1046.09,1053.64,1064.84,-11.2,-0.010518012,432515,41266.57
899050, 2022/08/26,1055.24,1063.26,1051.93,1055.64,1053.64,2,0.001898182,340975,33201.23
899050, 2022/08/29,1051.19,1057.77,1045.17,1057.34,1055.64,1.7,0.001610397,300318,33990.19
899050, 2022/08/30,1057.59,1058.77,1047.36,1052.53,1057.34,-4.81,-0.004549152,289690,35657.8
899050, 2022/08/31,1049.43,1051.9,1033.49,1038.41,1052.53,-14.12,-0.013415295,326792,36450.55
899050, 2022/09/01,1038.15,1043.43,1028.93,1032.37,1038.41,-6.04,-0.005816585,491547,48983.57
899050, 2022/09/02,1033.97,1036.41,1027.4,1033.94,1032.37,1.57,0.001520773,436270,44303.01
899050, 2022/09/05,1047.98,1056.67,1042.9,1048.31,1033.94,14.37,0.013898292,403442,41120.05
899050, 2022/09/06,1048.93,1052.84,1042.6,1052.84,1048.31,4.53,0.004321241,319162,34330.93
899050, 2022/09/07,1053.13,1058.75,1047.53,1052.36,1052.84,-0.48,-0.00045591,403060,43744.27
899050, 2022/09/08,1051.66,1052,1039.24,1042.33,1052.36,-10.03,-0.009530959,366991,39262.36
899050, 2022/09/09,1042.67,1044.79,1036.52,1043.57,1042.33,1.24,0.001189642,249742,27704.33
899050, 2022/09/13,1043.68,1046.66,1040.84,1045.73,1043.57,2.16,0.002069818,329766,37363.69
899050, 2022/09/14,1039.17,1041.74,1033.96,1037.26,1045.73,-8.47,-0.008099605,412754,47718.65
899050, 2022/09/15,1038.62,1040.33,1012.5,1016.66,1037.26,-20.6,-0.019860016,485330,53865.53
899050, 2022/09/16,1015.44,1039.24,1012.98,1023.82,1016.66,7.16,0.007042669,1459730,127736.23
899050, 2022/09/19,1022.49,1027.75,1003.28,1008.12,1023.82,-15.7,-0.015334727,1199831,106695.45
899050, 2022/09/20,1008.94,1021.69,1008.94,1021.27,1008.12,13.15,0.013044082,1262539,105736.48
899050, 2022/09/21,1019.29,1076.36,1012.77,1064.69,1021.27,43.42,0.042515691,2954058,243045.84
899050, 2022/09/22,1060.79,1081.37,1050.49,1054.11,1064.69,-10.58,-0.009937165,1959785,167052.8
899050, 2022/09/23,1050.79,1050.79,1009.65,1016.02,1054.11,-38.09,-0.036134749,1511792,132922.52
899050, 2022/09/26,1008.47,1010.59,989.81,993.45,1016.02,-22.57,-0.02221413,1001962,95104.01
899050, 2022/09/27,992.29,994.87,983,992.93,993.45,-0.52,-0.000523428,950616,100707.91
899050, 2022/09/28,992.77,993.35,973.45,976.65,992.93,-16.28,-0.016395919,1323537,161905.3
899050, 2022/09/29,978.19,981.75,963.49,966.87,976.65,-9.78,-0.010013823,1163277,130680.88
899050, 2022/09/30,966.91,969.99,959.45,963.09,966.87,-3.78,-0.003909522,875889,100813.81
899050, 2022/10/10,966.62,970.04,932.44,937.5,963.09,-25.59,-0.026570725,802903,94442.07
899050, 2022/10/11,936.35,940.26,930.34,938.46,937.5,0.96,0.001024,685876,75649.7
899050, 2022/10/12,936.79,945.29,919.26,944.56,938.46,6.1,0.006500011,674830,81410.08
899050, 2022/10/13,939.56,955.33,938.11,949.21,944.56,4.65,0.004922927,818389,86096.2
899050, 2022/10/14,950.11,978.01,950.11,976.44,949.21,27.23,0.028687013,1151596,125253.05
899050, 2022/10/17,974.57,975.45,967.68,975.45,976.44,-0.99,-0.001013887,954311,111132.91
899050, 2022/10/18,978.03,981.16,972.5,981.16,975.45,5.71,0.005853709,1183532,140127.67
899050, 2022/10/19,981.19,988.41,976.07,980.54,981.16,-0.62,-0.000631905,937864,118784.02
899050, 2022/10/20,978.33,981.57,973.4,977.34,980.54,-3.2,-0.003263508,878989,118388.66
899050, 2022/10/21,976.51,981.14,970.95,978.74,977.34,1.4,0.00143246,823353,116512.95
899050, 2022/10/24,979.87,984.29,967.46,972.25,978.74,-6.49,-0.006630975,735539,95506.35
899050, 2022/10/25,971.18,971.4,961.21,969.4,972.25,-2.85,-0.002931345,584572,77168.48
899050, 2022/10/26,969.88,980.08,968.19,971.47,969.4,2.07,0.002135341,658805,88211.62
899050, 2022/10/27,964.71,969.89,957.15,958.36,971.47,-13.11,-0.013495013,717366,92142.16
899050, 2022/10/28,958.3,958.3,930.24,936,958.36,-22.36,-0.023331525,909850,118163.3
899050, 2022/10/31,931.07,944.02,929.01,939.43,936,3.43,0.00366453,825139,99221.55
899050, 2022/11/01,939.73,950.3,939.72,949.68,939.43,10.25,0.010910871,681657,78502.99
899050, 2022/11/02,951.18,967.1,949.35,963.97,949.68,14.29,0.015047174,1053162,107509.76
899050, 2022/11/03,960.01,964.59,955.78,962.25,963.97,-1.72,-0.001784288,706074,79592.97
899050, 2022/11/04,962.83,980.45,960.79,979.87,962.25,17.62,0.01831125,772616,93239.79
899050, 2022/11/07,987.32,1014.12,987.32,1009.08,979.87,29.21,0.029810077,934482,110487.96
899050, 2022/11/08,1005.04,1011.08,1002,1006.99,1009.08,-2.09,-0.002071194,593486,71751.27
899050, 2022/11/09,1005.98,1008.48,1001.17,1002.57,1006.99,-4.42,-0.004389319,808061,90807.03
899050, 2022/11/10,1002.61,1002.61,994.48,1000.25,1002.57,-2.32,-0.002314053,753096,80439.99
899050, 2022/11/11,1011.54,1017.92,1001.08,1002.78,1000.25,2.53,0.002529368,894587,96863.52
899050, 2022/11/14,1005.96,1012.92,997.98,1000.67,1002.78,-2.11,-0.00210415,644858,72416.77
899050, 2022/11/15,1002.15,1010.28,999.73,1010.27,1000.67,9.6,0.009593572,612665,67177.82
899050, 2022/11/16,1011.62,1013.11,998.41,1001.87,1010.27,-8.4,-0.008314609,561655,70233.66
899050, 2022/11/17,1002.17,1002.17,993.2,1000.85,1001.87,-1.02,-0.001018096,678855,68177.4
899050, 2022/11/18,1001.37,1004.47,999.2,1003.15,1000.85,2.3,0.002298047,780570,95568.24
899050, 2022/11/21,1024.08,1033.65,1024.08,1028.72,1003.15,25.57,0.025489707,1201390,125407.7
899050, 2022/11/22,1028.16,1028.79,1010.55,1012.93,1028.72,-15.79,-0.015349172,773840,82325.58
899050, 2022/11/23,1013.11,1019.37,1007.1,1019.37,1012.93,6.44,0.006357794,623370,75017.57
899050, 2022/11/24,1018.43,1027.32,1018.43,1025.51,1019.37,6.14,0.006023328,509690,63765.27
899050, 2022/11/25,1025.99,1025.99,1014.96,1017.92,1025.51,-7.59,-0.007401196,518023,64550.79
899050, 2022/11/28,1014.38,1015.99,1004.94,1008.19,1017.92,-9.73,-0.009558708,577377,66201.34
899050, 2022/11/29,1008.97,1025.32,1007.8,1023.45,1008.19,15.26,0.015136036,604965,67579.06
899050, 2022/11/30,1024.97,1026.86,1016.92,1018.87,1023.45,-4.58,-0.00447506,484170,52126.8
899050, 2022/12/01,1020.43,1024.5,1014.96,1016.92,1018.87,-1.95,-0.001913885,594904,68729.57
899050, 2022/12/02,1016.59,1020.03,1014,1016.24,1016.92,-0.68,-0.000668686,593591,69372.48
899050, 2022/12/05,1016.33,1018.51,1005.36,1006.1,1016.24,-10.14,-0.009977958,580598,68077.84
899050, 2022/12/06,1007.23,1008.93,998.79,1000.02,1006.1,-6.08,-0.006043137,481033,55200.17
899050, 2022/12/07,999.62,999.62,992.47,994.9,1000.02,-5.12,-0.005119898,874081,85517.84
899050, 2022/12/08,996.27,997.03,991.48,993.25,994.9,-1.65,-0.001658458,646503,67077.44
899050, 2022/12/09,993.45,996.15,991.21,994.82,993.25,1.57,0.00158067,613535,58771.98
899050, 2022/12/12,995.47,996.87,985.02,987.68,994.82,-7.14,-0.007177178,639105,69751.67
899050, 2022/12/13,988.56,990.35,982.56,984.63,987.68,-3.05,-0.003088045,549951,61846.93
899050, 2022/12/14,984.68,989.39,981.09,982.47,984.63,-2.16,-0.002193717,506564,51186.43
899050, 2022/12/15,981.23,986.7,981.23,986.26,982.47,3.79,0.003857624,709014,57071.37
899050, 2022/12/16,985.6,989.39,983.02,987.52,986.26,1.26,0.001277554,631786,60426.9
899050, 2022/12/19,985.72,987.08,973.87,978.37,987.52,-9.15,-0.009265635,499220,46185.39
899050, 2022/12/20,972.61,977.55,969.77,973.98,978.37,-4.39,-0.004487055,493172,39464.97
899050, 2022/12/21,973.52,977.32,964.83,968.06,973.98,-5.92,-0.006078154,524920,56349.91
899050, 2022/12/22,966.65,970.32,948.81,951.32,968.06,-16.74,-0.017292317,680866,59586.1
899050, 2022/12/23,950.19,950.19,932.88,938.2,951.32,-13.12,-0.013791364,572546,53061.06
899050, 2022/12/26,937.33,942.63,935.06,941.1,938.2,2.9,0.003091025,503670,45442.31
899050, 2022/12/27,943.67,947.11,936.56,939.67,941.1,-1.43,-0.001519498,539638,51775.89
899050, 2022/12/28,937.61,938.55,933.76,935.43,939.67,-4.24,-0.004512222,413160,44493.32
899050, 2022/12/29,935.12,936.33,929.26,932.36,935.43,-3.07,-0.003281913,464165,43041.67
899050, 2022/12/30,932.92,942.09,932.92,942.09,932.36,9.73,0.010435883,505043,46370.59
899050, 2023/01/03,942.61,949.26,936.15,947.66,942.09,5.57,0.005912386,411916,38894.5
899050, 2023/01/04,947.68,950.33,942.75,948.03,947.66,0.37,0.000390435,376001,35506.32
899050, 2023/01/05,947.97,952.49,943.57,951.83,948.03,3.8,0.004008312,352090,34755.69
899050, 2023/01/06,951.05,956.39,949.96,954.97,951.83,3.14,0.003298908,338483,34785.25
899050, 2023/01/09,955.04,962.74,954.64,960.68,954.97,5.71,0.005979245,329364,32031.88
899050, 2023/01/10,958.39,962.36,956.47,960.76,960.68,0.08,8.32743E-05,283599,27879.95
899050, 2023/01/11,960.82,964.7,957.73,959.89,960.76,-0.87,-0.000905533,335243,33553.12
899050, 2023/01/12,960.35,964.09,955.8,958.21,959.89,-1.68,-0.001750201,249867,25738.01
899050, 2023/01/13,957.81,961.68,957.45,961.02,958.21,2.81,0.002932551,264360,27782.71
899050, 2023/01/16,963.24,972.01,960.46,969.61,961.02,8.59,0.00893842,340896,36148.72
899050, 2023/01/17,969.74,974.1,965.43,971.25,969.61,1.64,0.001691402,283694,29528.34
899050, 2023/01/18,974.47,981.24,972.31,980.79,971.25,9.54,0.009822394,752891,55061.53
899050, 2023/01/19,979.53,987.06,977.27,987.06,980.79,6.27,0.006392806,614546,47324.26
899050, 2023/01/20,987.69,1002.16,987.69,1001.55,987.06,14.49,0.014679959,596013,48795.86
899050, 2023/01/30,1010.96,1016.65,1002.37,1004.78,1001.55,3.23,0.003225001,768540,77502.5
899050, 2023/01/31,1007.41,1063.01,1005.85,1063.01,1004.78,58.23,0.057952985,2566749,238450.72
899050, 2023/02/01,1069.95,1079.71,1059.55,1067.61,1063.01,4.6,0.004327335,2276745,216426.66
899050, 2023/02/02,1065.23,1065.72,1045.51,1048.58,1067.61,-19.03,-0.017824861,2019929,160441.92
899050, 2023/02/03,1047.37,1051.09,1040.53,1046.98,1048.58,-1.6,-0.001525873,1251898,108190.95
899050, 2023/02/06,1043.62,1044.61,1032.59,1033.71,1046.98,-13.27,-0.01267455,1043506,91972.63
899050, 2023/02/07,1034.62,1042.85,1033.36,1037.05,1033.71,3.34,0.00323108,825807,75349.35
899050, 2023/02/08,1042.47,1043.31,1032.91,1034.12,1037.05,-2.93,-0.002825322,804053,74488.51
899050, 2023/02/09,1033.47,1039.04,1032.87,1039.04,1034.12,4.92,0.004757668,898773,96615.88
899050, 2023/02/10,1040.94,1041.9,1032.33,1036.19,1039.04,-2.85,-0.002742917,696966,69473.02
899050, 2023/02/13,1041.65,1060.95,1041.65,1052.22,1036.19,16.03,0.015470136,1082589,111196.38
899050, 2023/02/14,1052.26,1058.07,1044.68,1047.62,1052.22,-4.6,-0.004371709,758911,76969.55
899050, 2023/02/15,1048.36,1053.4,1041.99,1042.96,1047.62,-4.66,-0.004448178,758425,83419.46
899050, 2023/02/16,1044.28,1046.41,1025.33,1029.83,1042.96,-13.13,-0.012589169,1039539,115111.36
899050, 2023/02/17,1027.27,1033.3,1022.58,1023.9,1029.83,-5.93,-0.005758232,1016879,105236.88
899050, 2023/02/20,1026.35,1031.8,1024.15,1029.92,1023.9,6.02,0.00587948,802375,85639.81
899050, 2023/02/21,1028.7,1031.75,1023.95,1027.47,1029.92,-2.45,-0.002378826,759180,84903.44
899050, 2023/02/22,1025.91,1025.91,1016.32,1019.1,1027.47,-8.37,-0.008146223,664895,77416.05
899050, 2023/02/23,1017.83,1019.89,1009.98,1012.46,1019.1,-6.64,-0.006515553,692807,82877.77
899050, 2023/02/24,1012.89,1013.97,1004.64,1007.88,1012.46,-4.58,-0.004523636,572642,69538.59
899050, 2023/02/27,1005.9,1006.82,1000.88,1003.49,1007.88,-4.39,-0.004355677,626187,65125.63
899050, 2023/02/28,1007.78,1014.84,1002.5,1012.45,1003.49,8.96,0.008928838,859479,89850.21
899050, 2023/03/01,1011.74,1019.51,1010.36,1019.51,1012.45,7.06,0.006973184,840352,88691.88
899050, 2023/03/02,1021.4,1023.22,1013.92,1016.5,1019.51,-3.01,-0.002952399,726478,71371.7
899050, 2023/03/03,1012.11,1013.68,1004.48,1010.66,1016.5,-5.84,-0.005745204,607138,61413.07
899050, 2023/03/06,1010.83,1011.63,1000.33,1004.9,1010.66,-5.76,-0.005699246,509239,52589.31
899050, 2023/03/07,1005.82,1005.82,991.06,993.34,1004.9,-11.56,-0.011503632,561900,53674.69
899050, 2023/03/08,992.96,995.15,987.58,990.2,993.34,-3.14,-0.003161053,494837,50486.93
899050, 2023/03/09,990.33,992.78,989.11,992.37,990.2,2.17,0.002191476,433145,41984.48
899050, 2023/03/10,993.41,993.47,982.13,984.77,992.37,-7.6,-0.007658434,854268,62995.87
899050, 2023/03/13,984.31,985.92,976.91,981.09,984.77,-3.68,-0.003736913,656288,56175.91
899050, 2023/03/14,980.1,980.56,966.31,969.71,981.09,-11.38,-0.011599344,773580,62113.52
899050, 2023/03/15,972.09,976.73,968.52,971.82,969.71,2.11,0.002175908,650554,75211.08
899050, 2023/03/16,971.23,971.23,949.08,954,971.82,-17.82,-0.018336729,548142,56989.48
899050, 2023/03/17,954.89,959.86,953.34,956.94,954,2.94,0.003081761,671544,54088.78
899050, 2023/03/20,956.58,960.12,947.91,949.38,956.94,-7.56,-0.007900182,504124,48613.45
899050, 2023/03/21,949.31,960.27,949,960.27,949.38,10.89,0.011470644,566936,52243.13
899050, 2023/03/22,960.86,970.62,960.65,965.56,960.27,5.29,0.005508867,639338,62151.55
899050, 2023/03/23,965.82,965.82,952.91,954.03,965.56,-11.53,-0.011941257,836954,87821.37
899050, 2023/03/24,955.32,969.55,954.49,967.41,954.03,13.38,0.014024716,1061919,104416.94
899050, 2023/03/27,969.95,971.02,963.49,967.51,967.41,0.1,0.000103369,798069,85787.23
899050, 2023/03/28,965.31,968.35,957.01,957.85,967.51,-9.66,-0.009984393,608969,67989.7
899050, 2023/03/29,957.56,964.89,953.66,956.24,957.85,-1.61,-0.001680848,659187,70892.34
899050, 2023/03/30,956.7,956.7,949.72,954.7,956.24,-1.54,-0.001610474,590517,58028.39
899050, 2023/03/31,953.77,959.26,953.14,958.69,954.7,3.99,0.004179323,518313,50455.85
899050, 2023/04/03,958.18,959.7,954.58,956.83,958.69,-1.86,-0.001940147,694710,70117.4
899050, 2023/04/04,957.79,959.79,946.3,948.62,956.83,-8.21,-0.008580417,651225,65001.95
899050, 2023/04/06,947.06,947.9,937.7,940.16,948.62,-8.46,-0.008918218,617193,58252.96
899050, 2023/04/07,941.06,950.88,940.89,950.88,940.16,10.72,0.011402314,463054,41899.95
899050, 2023/04/10,952.19,955.3,947.37,949.86,950.88,-1.02,-0.001072691,501607,52538.28
899050, 2023/04/11,949.43,955.13,948.79,951.92,949.86,2.06,0.002168741,427163,41478.15
899050, 2023/04/12,948.73,954.44,945.94,946.91,951.92,-5.01,-0.005263047,428136,42783.19
899050, 2023/04/13,947.14,947.14,934.62,939.49,946.91,-7.42,-0.007836014,524764,77430.3
899050, 2023/04/14,939.57,945.12,939.57,942.8,939.49,3.31,0.003523188,489587,61204.07
899050, 2023/04/17,943.7,950.74,943.17,947.15,942.8,4.35,0.004613916,494552,71195.63
899050, 2023/04/18,947.7,951.51,944.95,949.32,947.15,2.17,0.002291084,691047,73410.64
899050, 2023/04/19,949.54,952.29,946.57,947.88,949.32,-1.44,-0.001516875,705463,81559.7
899050, 2023/04/20,949.82,951.74,940.82,943.25,947.88,-4.63,-0.004884585,663564,81722.58
899050, 2023/04/21,942.27,947.34,929.74,932.92,943.25,-10.33,-0.010951497,655205,95684.98
899050, 2023/04/24,933.47,944.86,933.47,940.13,932.92,7.21,0.007728423,818632,128144.59
899050, 2023/04/25,939.03,939.03,909.56,917.71,940.13,-22.42,-0.023847766,1155842,147068.56
899050, 2023/04/26,917.65,929.2,913.06,928.22,917.71,10.51,0.01145242,947632,157243.89
899050, 2023/04/27,922.16,923.14,910.99,914.65,928.22,-13.57,-0.014619379,1066495,162005.88
899050, 2023/04/28,913.08,913.08,906.82,912.75,914.65,-1.9,-0.002077297,931041,140705.06
899050, 2023/05/04,910.24,913.76,904.67,908.95,912.75,-3.8,-0.004163243,1016592,168074.72
899050, 2023/05/05,909.66,933.33,909.66,933.33,908.95,24.38,0.026822157,1841581,268745.63
899050, 2023/05/08,935.54,960.86,935.54,960.86,933.33,27.53,0.029496534,2326191,271904.06
899050, 2023/05/09,961.89,968.28,938.76,941.73,960.86,-19.13,-0.019909248,1922405,246649.17
899050, 2023/05/10,939.01,939.01,925.2,928.13,941.73,-13.6,-0.014441507,1106195,151785.33
899050, 2023/05/11,928.76,948.47,927.98,945.96,928.13,17.83,0.019210671,1233078,163110.41
899050, 2023/05/12,944.33,949.35,938.15,939.96,945.96,-6,-0.006342763,1303060,167675.91
899050, 2023/05/15,938.14,942.33,936.1,942.14,939.96,2.18,0.002319248,1274611,166084.83
899050, 2023/05/16,939.57,944.58,935.27,938.01,942.14,-4.13,-0.004383637,1053190,147476.08
899050, 2023/05/17,939.11,946.46,938.9,945.55,938.01,7.54,0.008038294,1011109,146857.64
899050, 2023/05/18,945.1,945.1,940.27,942.64,945.55,-2.91,-0.003077574,1391198,247533.13
899050, 2023/05/19,944,949.68,941.71,949.04,942.64,6.4,0.006789442,1189064,204292.14
899050, 2023/05/22,951.16,962.14,950.85,960.29,949.04,11.25,0.011854084,1239307,195961.45
899050, 2023/05/23,956.29,969.76,956.29,964.31,960.29,4.02,0.004186235,1500794,212791.95
899050, 2023/05/24,960.33,962.17,952.21,954.95,964.31,-9.36,-0.009706422,1492995,201296.45
899050, 2023/05/25,951.26,959.07,947.44,949.16,954.95,-5.79,-0.006063145,1510043,207851.8
899050, 2023/05/26,946.74,955.74,938.32,954.98,949.16,5.82,0.006131738,1516683,259240.11
899050, 2023/05/29,954.95,962.14,947.46,950.31,954.98,-4.67,-0.004890155,1068935,203450.38
899050, 2023/05/30,950.62,951.02,939.18,945.05,950.31,-5.26,-0.005535036,987804,180987.44
899050, 2023/05/31,941.91,943.45,935.69,938.96,945.05,-6.09,-0.006444103,1147595,213752
899050, 2023/06/01,937.94,939.19,934.41,937.1,938.96,-1.86,-0.001980915,959878,187926.63
899050, 2023/06/02,936.9,944.46,936.9,943.05,937.1,5.95,0.006349376,920402,162017.13
899050, 2023/06/05,943.63,945.25,935.34,937.87,943.05,-5.18,-0.005492816,730193,127904.08
899050, 2023/06/06,938.11,939.62,921.21,922.99,937.87,-14.88,-0.015865738,839310,170814.25
899050, 2023/06/07,919.7,926.42,912.86,917.34,922.99,-5.65,-0.00612141,713851,142156.64
899050, 2023/06/08,916.33,919.25,905.31,910.97,917.34,-6.37,-0.00694399,989461,158961.75
899050, 2023/06/09,911.5,914.73,894.54,904.12,910.97,-6.85,-0.007519457,893797,135585.02
899050, 2023/06/12,903.85,903.85,888.91,891.71,904.12,-12.41,-0.013726054,753720,129479.38
899050, 2023/06/13,890.23,894.27,880.61,884.59,891.71,-7.12,-0.007984659,750945,128471.54
899050, 2023/06/14,887.02,889.57,879.89,880.4,884.59,-4.19,-0.004736658,752403,132635.64
899050, 2023/06/15,879.54,891.8,879.1,890.28,880.4,9.88,0.011222172,787528,145700.2
899050, 2023/06/16,893.88,898.69,893.05,894.71,890.28,4.43,0.004975963,721537,135218.09
899050, 2023/06/19,889.3,894.98,885.57,888.34,894.71,-6.37,-0.007119625,739290,156036.36
899050, 2023/06/20,889.07,893.82,885.68,889.88,888.34,1.54,0.00173357,823646,179241.44
899050, 2023/06/21,891.7,905.92,889.15,902.4,889.88,12.52,0.014069313,1522065,208764.91
899050, 2023/06/26,901.78,902.89,885.66,888.81,902.4,-13.59,-0.01505984,1262093,203781.98
899050, 2023/06/27,888.11,891.5,886.03,888.65,888.81,-0.16,-0.000180016,993423,144228.77
899050, 2023/06/28,887.53,888.62,875.46,881.84,888.65,-6.81,-0.00766331,1039177,159870.38
899050, 2023/06/29,881.06,891.63,881.06,888.19,881.84,6.35,0.007200853,1735697,237423.48
899050, 2023/06/30,887.46,894.06,885.06,892.02,888.19,3.83,0.00431214,1519932,194879.23
899050, 2023/07/03,892.08,895.49,886.13,886.99,892.02,-5.03,-0.005638887,1382984,165172.84
899050, 2023/07/04,886.79,894.34,886.55,891.12,886.99,4.13,0.004656197,1632552,183137.8
899050, 2023/07/05,890.2,892.41,886.9,888.16,891.12,-2.96,-0.003321663,1844131,226154.06
899050, 2023/07/06,887.53,887.53,874.52,878.66,888.16,-9.5,-0.010696271,1319258,170765.06
899050, 2023/07/07,879.12,888.2,878.06,882.72,878.66,4.06,0.004620672,1345617,174794.72
899050, 2023/07/10,880.92,883.34,875.17,879.17,882.72,-3.55,-0.00402166,1284834,166260.56
899050, 2023/07/11,877.82,878.07,871.87,873.58,879.17,-5.59,-0.00635827,931938,121429.75
899050, 2023/07/12,874.24,875.3,858,860.49,873.58,-13.09,-0.014984317,1159473,151158.95
899050, 2023/07/13,861.48,868.23,860.08,865.53,860.49,5.04,0.005857128,1013247,142194.97
899050, 2023/07/14,864.18,869.72,863.59,869.72,865.53,4.19,0.004840964,1156732,178604.14
899050, 2023/07/17,869.18,869.18,860.67,863.52,869.72,-6.2,-0.007128731,1148137,145783.39
899050, 2023/07/18,862.23,866.32,857.28,858.74,863.52,-4.78,-0.005535483,1047585,138005.8
899050, 2023/07/19,857.73,860.29,850.31,853.25,858.74,-5.49,-0.006393088,1131288,129752.24
899050, 2023/07/20,854,857.26,848.11,849.9,853.25,-3.35,-0.003926165,1111236,214416.5
899050, 2023/07/21,849.2,853.3,844.85,846.98,849.9,-2.92,-0.003435698,906758,143869.25
899050, 2023/07/24,846.71,849.25,841.85,843.75,846.98,-3.23,-0.003813549,746857,119963.98
899050, 2023/07/25,845.77,853.83,845.77,850.42,843.75,6.67,0.007905185,853019,119684.51
899050, 2023/07/26,850.6,851.88,846.05,847.77,850.42,-2.65,-0.003116107,864214,110952
899050, 2023/07/27,847.75,852.88,842.39,843.58,847.77,-4.19,-0.004942378,886711,114928.88
899050, 2023/07/28,844.42,847.42,840.98,847.42,843.58,3.84,0.004552028,996062,133475.52
899050, 2023/07/31,849.16,854.21,848.25,850.68,847.42,3.26,0.003846971,1129820,127371.65
899050, 2023/08/01,851.16,851.55,845.55,847.52,850.68,-3.16,-0.003714675,933117,110582.21
899050, 2023/08/02,847.57,849.06,842.98,847.17,847.52,-0.35,-0.00041297,842226,111334.13
899050, 2023/08/03,847.06,851.39,845.9,849.54,847.17,2.37,0.002797549,829199,100592.46
899050, 2023/08/04,850.4,856.46,850.4,854.09,849.54,4.55,0.00535584,846898,109576.2
899050, 2023/08/07,853.22,853.22,845.48,846.93,854.09,-7.16,-0.008383191,797807,107527.59
899050, 2023/08/08,846.1,846.1,837.03,839.53,846.93,-7.4,-0.00873744,830548,97810.85
899050, 2023/08/09,838.18,838.41,828.58,830.55,839.53,-8.98,-0.010696461,868113,97431.89
899050, 2023/08/10,829.1,833.92,828.87,831.15,830.55,0.6,0.000722413,886835,106291.92
899050, 2023/08/11,830.92,832.16,823.4,825.78,831.15,-5.37,-0.006460928,828537,94464.51
899050, 2023/08/14,824.8,825.54,818.2,821.4,825.78,-4.38,-0.005304076,621825,76219.79
899050, 2023/08/15,819.96,819.96,812.74,816.75,821.4,-4.65,-0.005661066,498548,65475.61
899050, 2023/08/16,815.97,815.97,805.92,807.21,816.75,-9.54,-0.011680441,691210,93944.13
899050, 2023/08/17,807.08,810.15,804.04,809.18,807.21,1.97,0.002440505,785066,103149.84
899050, 2023/08/18,808.95,810.22,799.65,801.99,809.18,-7.19,-0.008885538,887683,101265.88
899050, 2023/08/21,803.01,803.01,789.66,791.82,801.99,-10.17,-0.012680956,754970,83905.59
899050, 2023/08/22,792.62,795.74,778.23,788.88,791.82,-2.94,-0.003712965,933177,108474.42
899050, 2023/08/23,789.65,789.65,772.44,774.09,788.88,-14.79,-0.018748099,913276,119635.2
899050, 2023/08/24,775.79,777.28,765.21,767.2,774.09,-6.89,-0.008900774,1022448,116732.53
899050, 2023/08/25,765.98,767.98,751.39,754.17,767.2,-13.03,-0.016983837,1016866,129457.02
899050, 2023/08/28,792.68,801.63,754.71,757.49,754.17,3.32,0.00440219,1250947,144803.5
899050, 2023/08/29,753.62,774.63,753.62,774.57,757.49,17.08,0.022548152,1029092,126631.59
899050, 2023/08/30,775.18,782.31,770.45,778.02,774.57,3.45,0.004454084,848616,115121.28
899050, 2023/08/31,778.41,780.35,773.64,780.19,778.02,2.17,0.002789131,804567,100106.82
899050, 2023/09/01,781.9,802.52,781.79,802.52,780.19,22.33,0.028621233,1685716,184329.72
899050, 2023/09/04,831.57,863.63,831.57,850.06,802.52,47.54,0.059238399,3570365,350493.25
899050, 2023/09/05,850.26,851.89,836.38,837.61,850.06,-12.45,-0.014646025,2151267,211072.61
899050, 2023/09/06,833.86,838.58,828.24,837.82,837.61,0.21,0.000250713,1463977,151874.86
899050, 2023/09/07,836.05,840.4,821.47,822.02,837.82,-15.8,-0.018858466,1423021,153713.94
899050, 2023/09/08,822.09,822.51,811.06,817.02,822.02,-5,-0.006082577,1153601,120022.8
899050, 2023/09/11,817.9,828.94,814.79,826.13,817.02,9.11,0.011150278,903510,95213.86
899050, 2023/09/12,824.5,829.23,823.82,827.08,826.13,0.95,0.00114994,876129,94223.75
899050, 2023/09/13,824.45,826.62,812.57,815.25,827.08,-11.83,-0.014303332,947196,99733.72
899050, 2023/09/14,814.63,824.75,813.8,817.15,815.25,1.9,0.002330573,900094,88756.11
899050, 2023/09/15,817.81,820.75,814.09,816,817.15,-1.15,-0.00140733,857992,89310.95
899050, 2023/09/18,814.92,822.09,814.61,818.29,816,2.29,0.002806373,936755,91526.42
899050, 2023/09/19,818.7,820.59,814.07,814.98,818.29,-3.31,-0.004045021,904474,96688.33
899050, 2023/09/20,813.2,815.25,807.24,808.3,814.98,-6.68,-0.00819652,789382,83187.52
899050, 2023/09/21,808.47,809.45,803.71,804.56,808.3,-3.74,-0.004626995,843686,77787.66
899050, 2023/09/22,804.32,817.63,803.78,817.45,804.56,12.89,0.016021179,944860,103720.74
899050, 2023/09/25,815.59,817.34,806.06,808.96,817.45,-8.49,-0.010385956,746778,84809.2
899050, 2023/09/26,807.62,809.65,803.71,804.35,808.96,-4.61,-0.005698675,861760,88601.75
899050, 2023/09/27,803.09,808.36,801.85,802.97,804.35,-1.38,-0.001715671,745369,80454.88
899050, 2023/09/28,803.56,811.22,803.56,811.22,802.97,8.25,0.010274356,977554,93991.38
899050, 2023/10/09,813.21,814.22,805.45,810.5,811.22,-0.72,-0.000887552,835744,83764.99
899050, 2023/10/10,809.71,809.71,794.56,796.44,810.5,-14.06,-0.017347316,710833,74103.16
899050, 2023/10/11,795.46,799.02,793.65,796.35,796.44,-0.09,-0.000113003,613414,66143.7
899050, 2023/10/12,797.07,798.35,795.25,797.89,796.35,1.54,0.001933823,584965,63862.28
899050, 2023/10/13,798.13,798.13,790.22,790.95,797.89,-6.94,-0.008697941,899847,80936.79
899050, 2023/10/16,791.6,792.36,777.85,781.65,790.95,-9.3,-0.011758013,815932,85978.19
899050, 2023/10/17,781.85,782.19,769.39,770.83,781.65,-10.82,-0.013842513,671805,68670.68
899050, 2023/10/18,771.15,771.55,752.88,754.06,770.83,-16.77,-0.02175577,564138,57098.66
899050, 2023/10/19,753.06,753.08,738.91,739.16,754.06,-14.9,-0.019759701,621285,77336.58
899050, 2023/10/20,738.71,739.24,724.53,726.67,739.16,-12.49,-0.016897559,565479,58786.7
899050, 2023/10/23,728.47,729.02,702.55,706.57,726.67,-20.1,-0.027660424,689171,68304.63
899050, 2023/10/24,706.34,713.52,703.99,713.52,706.57,6.95,0.009836251,637662,64178.09
899050, 2023/10/25,718.44,728.35,718.44,724.35,713.52,10.83,0.015178271,658945,65398
899050, 2023/10/26,723.89,728.18,716.56,728.18,724.35,3.83,0.005287499,602881,58938.85
899050, 2023/10/27,727.38,758.36,724.66,757.13,728.18,28.95,0.039756654,1507652,171938.23
899050, 2023/10/30,751.45,760.89,748.5,760.89,757.13,3.76,0.004966122,1268904,126703.98
899050, 2023/10/31,760.71,760.71,752.4,753.52,760.89,-7.37,-0.009686026,995474,109514.43
899050, 2023/11/01,753.25,753.25,742.97,745.05,753.52,-8.47,-0.011240578,862470,161625.36
899050, 2023/11/02,744.19,746.42,737.24,737.9,745.05,-7.15,-0.009596671,1042731,145603.23
899050, 2023/11/03,740.18,752.03,740.18,749.76,737.9,11.86,0.016072639,1302078,164766.11
899050, 2023/11/06,753.36,769.58,753.05,767.72,749.76,17.96,0.023954332,1460934,184456.95
899050, 2023/11/07,766.9,779.74,764.3,778.25,767.72,10.53,0.013715938,1393806,201460.03
899050, 2023/11/08,776.34,803.92,776.34,799.49,778.25,21.24,0.027292001,2742307,330248.66
899050, 2023/11/09,796.77,807.72,794.92,803.63,799.49,4.14,0.005178301,2246940,262009.45
899050, 2023/11/10,799.95,801.52,793.69,798.48,803.63,-5.15,-0.006408422,1737581,243848.17
899050, 2023/11/13,798.12,809.76,798.12,805.97,798.48,7.49,0.009380323,1558901,220157.55
899050, 2023/11/14,804.76,812.21,803.59,812.03,805.97,6.06,0.00751889,2013435,272972.25
899050, 2023/11/15,815.12,837.38,815.12,833.48,812.03,21.45,0.02641528,2538297,326273.53
899050, 2023/11/16,830.21,831.21,810.51,811.9,833.48,-21.58,-0.025891443,2117942,299094.06
899050, 2023/11/17,808.87,818.29,808.3,817.59,811.9,5.69,0.007008252,1632110,226866.13
899050, 2023/11/20,818.64,846.19,818.64,842.82,817.59,25.23,0.030858988,3339524,377943.72
899050, 2023/11/21,846.64,941.96,846.64,880.85,842.82,38.03,0.045122327,11009227,1024303.31
899050, 2023/11/22,876.01,955.12,875.13,955.12,880.85,74.27,0.084316285,14681498,1310076.88
899050, 2023/11/23,961.68,1007.23,921.16,928.59,955.12,-26.53,-0.027776614,16022058,1557451.25
899050, 2023/11/24,926.28,991.2,923.75,988.97,928.59,60.38,0.065023315,17719040,1729484.75
899050, 2023/11/27,1004.55,1114.26,1004.55,1101.79,988.97,112.82,0.114078283,26681792,3032700
899050, 2023/11/28,1046.95,1112.44,1032.3,1055.21,1101.79,-46.58,-0.042276659,19221684,2303004.25
899050, 2023/11/29,1058.36,1080.56,969.98,977.93,1055.21,-77.28,-0.073236607,15565747,1785798.25
899050, 2023/11/30,978.77,1004.89,951.26,961.07,977.93,-16.86,-0.017240498,10629479,1239645
899050, 2023/12/01,962.57,974.17,921,922.51,961.07,-38.56,-0.040121947,9572997,1062092.88
899050, 2023/12/04,919.23,943.18,896.16,924.29,922.51,1.78,0.001929518,7382553,793378.88
899050, 2023/12/05,920.29,1000.89,920.29,991.57,924.29,67.28,0.072791007,14594655,1595124.25
899050, 2023/12/06,987.5,1014.62,973.13,980.11,991.57,-11.46,-0.011557429,12925371,1459111.13
899050, 2023/12/07,975.92,1014.8,975.92,1003.04,980.11,22.93,0.023395333,12825435,1405062.25
899050, 2023/12/08,1005.42,1019.09,990.62,998.32,1003.04,-4.72,-0.004705695,12522648,1430083.38
899050, 2023/12/11,995.78,999.26,955.28,964.92,998.32,-33.4,-0.033456206,10160293,1140270.13
899050, 2023/12/12,964.22,980.64,959.42,976.73,964.92,11.81,0.012239357,9025018,1070610.88
899050, 2023/12/13,975.63,1021.7,972.86,1011.83,976.73,35.1,0.035936236,13273849,1628718.75
899050, 2023/12/14,1009.91,1049.57,1007.88,1019.8,1011.83,7.97,0.007876817,17292160,2097797
899050, 2023/12/15,1014.38,1025.28,996.18,1008.76,1019.8,-11.04,-0.010825652,13024963,1532229.75
899050, 2023/12/18,1010.23,1042.95,1010.01,1042.95,1008.76,34.19,0.033893096,14159790,1650190.25
899050, 2023/12/19,1043.03,1043.89,1018.99,1029.95,1042.95,-13,-0.012464644,12963469,1562068
899050, 2023/12/20,1027.29,1055.87,1027.29,1055.87,1029.95,25.92,0.02516627,14605967,1827865.75
899050, 2023/12/21,1056.55,1082.96,973.2,982.97,1055.87,-72.9,-0.06904259,18523508,2271886.25
899050, 2023/12/22,968.89,994.97,966.75,992.82,982.97,9.85,0.010020652,11259711,1310533.25
899050, 2023/12/25,992.39,1032.93,992.39,1032.93,992.82,40.11,0.040400073,12644077,1536613.5
899050, 2023/12/26,1034,1053.67,1009.36,1047.24,1032.93,14.31,0.013853795,14425077,1819404.88
899050, 2023/12/27,1041.05,1050.76,1020.01,1028.85,1047.24,-18.39,-0.017560445,11950009,1590418.13
899050, 2023/12/28,1026.32,1066,1022.73,1056.46,1028.85,27.61,0.026835788,14077627,1815296
899050, 2023/12/29,1052.19,1083.88,1044.13,1082.68,1056.46,26.22,0.024818734,14296555,1885560.88
899050, 2024/01/02,1081.76,1105.22,1075.95,1105.21,1082.68,22.53,0.020809473,17358682,2249629
899050, 2024/01/03,1099.44,1112.22,1086.58,1100.66,1105.21,-4.55,-0.004116865,14906624,1921928.38
899050, 2024/01/04,1094.84,1107.71,1076.86,1093.61,1100.66,-7.05,-0.006405248,12463607,1680609
899050, 2024/01/05,1097.97,1105.89,1044.42,1049.64,1093.61,-43.97,-0.040206289,13496614,1851837.5
899050, 2024/01/08,1039.62,1060.16,999.77,999.77,1049.64,-49.87,-0.047511528,9677437,1287101.38
899050, 2024/01/09,998.5,1010.24,950.98,968.24,999.77,-31.53,-0.031537254,10352910,1300031.75
899050, 2024/01/10,964.73,989.05,955,978.01,968.24,9.77,0.010090473,7931028,1010315.75
899050, 2024/01/11,975.04,998.9,974.75,993.95,978.01,15.94,0.016298402,7933830,1025481.44
899050, 2024/01/12,989.33,998.08,930.11,930.11,993.95,-63.84,-0.064228583,10999030,1262822.75
899050, 2024/01/15,925.25,934.21,896.17,899.6,930.11,-30.51,-0.032802572,7628045,812152.81
899050, 2024/01/16,902.46,947.39,876.25,947.3,899.6,47.7,0.053023566,11503010,1272962.25
899050, 2024/01/17,934.37,958.6,920.93,920.93,947.3,-26.37,-0.02783701,10023195,1200869.63
899050, 2024/01/18,918.34,943.54,906.61,943.15,920.93,22.22,0.024127784,9950608,1219028.5
899050, 2024/01/19,946.8,975.19,946.19,966.98,943.15,23.83,0.025266395,11174224,1392614.88
899050, 2024/01/22,958.74,962.97,913.31,925.39,966.98,-41.59,-0.043010197,9142179,1140816.75
899050, 2024/01/23,923.4,944.25,921.91,938.41,925.39,13.02,0.014069744,7232789,923608.19
899050, 2024/01/24,942.4,947.4,905.74,932.26,938.41,-6.15,-0.006553639,8566565,1086531.13
899050, 2024/01/25,927.82,953.56,909.03,937.98,932.26,5.72,0.006135627,9422180,1220187.75
899050, 2024/01/26,928.37,943.49,915.39,915.5,937.98,-22.48,-0.023966396,8629776,1133742.13
899050, 2024/01/29,916.82,916.82,855.24,855.24,915.5,-60.26,-0.065821955,8611358,1028977.38
899050, 2024/01/30,852.51,867.85,827.71,840.36,855.24,-14.88,-0.017398625,6795434,798193.88
899050, 2024/01/31,839.66,856.32,834.57,838.85,840.36,-1.51,-0.001796849,7730414,905975.5
899050, 2024/02/01,834.87,840.74,811.63,812.36,838.85,-26.49,-0.031578947,6924040,815500.81
899050, 2024/02/02,818.1,823.77,748.19,773.38,812.36,-38.98,-0.047983653,8029159,882112.19
899050, 2024/02/05,768.09,770.84,709.25,743.74,773.38,-29.64,-0.038325273,7648077,803285.38
899050, 2024/02/06,733.62,814.41,728.39,814.41,743.74,70.67,0.095019765,9298498,993181.88
899050, 2024/02/07,815.37,858.53,809.08,809.7,814.41,-4.71,-0.005783328,10461768,1134741
899050, 2024/02/08,810.56,834.42,783.3,825,809.7,15.3,0.018895887,7732126,776090.94
899050, 2024/02/19,835.76,851.6,830.4,851.6,825,26.6,0.032242424,6877630,768320.63
899050, 2024/02/20,849.09,870.07,841.1,868.93,851.6,17.33,0.02034993,8008322,931474.56
899050, 2024/02/21,860.35,888.38,851.3,872.44,868.93,3.51,0.004039451,8853029,1004277.69
899050, 2024/02/22,872.58,892.01,872.58,881.53,872.44,9.09,0.010419055,7048074,854196.81
899050, 2024/02/23,885.54,888.29,871.19,878.79,881.53,-2.74,-0.003108232,7340743,857123.06
899050, 2024/02/26,876.5,887.73,869.8,874.92,878.79,-3.87,-0.004403782,6881803,851390.75
899050, 2024/02/27,871.12,920.48,866.57,920.48,874.92,45.56,0.052073332,10495490,1298592.75
899050, 2024/02/28,923.93,949.08,890.11,890.11,920.48,-30.37,-0.032993655,11629587,1493430.75
899050, 2024/02/29,886.28,921.31,886.28,920.46,890.11,30.35,0.034096909,8763200,1111379.13
899050, 2024/03/01,922.84,932.8,919.03,926.6,920.46,6.14,0.006670578,8196077,1065778.5
899050, 2024/03/04,929.32,930.75,908.93,917.38,926.6,-9.22,-0.009950356,7055565,922440.31
899050, 2024/03/05,910.43,910.43,883.16,885.37,917.38,-32.01,-0.034892847,6434271,839987.44
899050, 2024/03/06,882.01,904.99,881.56,897.52,885.37,12.15,0.013723076,5756532,779991.81
